case,grid_size,horizon,start,target,obstacles,method,feasible,goal,full,path_length,turns,buffer_steps,visibility_rate,hubo_energy,soft_cost,runtime_total_s,runtime_per_run_s
primary_6_obstacles,8,20,"[0, 0]","[7, 7]","[[3, 3], [3, 4], [4, 3], [4, 4], [2, 6], [5, 1]]",A*,True,True,True,14,7,4,0.85,-20742.263512167083,,0.0035717909995582886,0.0035717909995582886
primary_6_obstacles,8,20,"[0, 0]","[7, 7]","[[3, 3], [3, 4], [4, 3], [4, 4], [2, 6], [5, 1]]",RRT-best,True,True,True,14,5,4,0.7,-20700.186982096406,,0.03835833400080446,0.0009589583500201115
primary_6_obstacles,8,20,"[0, 0]","[7, 7]","[[3, 3], [3, 4], [4, 3], [4, 4], [2, 6], [5, 1]]",QUAV-style QAOA,True,True,True,14,1,3,0.8,-20725.939363922567,,4.9903054169990355,4.9903054169990355
primary_6_obstacles,8,20,"[0, 0]","[7, 7]","[[3, 3], [3, 4], [4, 3], [4, 4], [2, 6], [5, 1]]",CP-SAT exact,True,True,True,14,6,4,0.85,-20752.42878234273,247.5712176572706,1.070432124994113,1.070432124994113
primary_6_obstacles,8,20,"[0, 0]","[7, 7]","[[3, 3], [3, 4], [4, 3], [4, 4], [2, 6], [5, 1]]",HUBO trajectory-SA,1.0,0.16,0.16,14,6,4,0.85,-20752.428782342737,247.57121765726575,1122.4886970840016,22.449773941680032
primary_6_obstacles,8,20,"[0, 0]","[7, 7]","[[3, 3], [3, 4], [4, 3], [4, 4], [2, 6], [5, 1]]",HUBO->QUBO/neal,0.12,0.08,0.0,18,12,2,0.2,-20060.467031760134,939.5329682398664,6.175156124998466,0.12350312249996932
random_2_obstacles,8,20,"[0, 0]","[7, 7]","[[2, 2], [6, 4]]",A*,True,True,True,14,1,0,0.95,-20790.939363922567,,0.0017767080062185414,0.0017767080062185414
random_2_obstacles,8,20,"[0, 0]","[7, 7]","[[2, 2], [6, 4]]",RRT-best,True,True,True,14,4,2,0.95,-20821.14306081094,,0.01587758400273742,0.00039693960006843555
random_2_obstacles,8,20,"[0, 0]","[7, 7]","[[2, 2], [6, 4]]",QUAV-style QAOA,True,True,True,14,2,0,0.95,-20811.024572553128,,4.117096291993221,4.117096291993221
random_2_obstacles,8,20,"[0, 0]","[7, 7]","[[2, 2], [6, 4]]",CP-SAT exact,True,True,True,14,7,4,0.95,-20827.49796742382,172.50203257617977,0.5583613749986398,0.5583613749986398
random_2_obstacles,8,20,"[0, 0]","[7, 7]","[[2, 2], [6, 4]]",HUBO trajectory-SA,1.0,0.84,0.84,14,7,3,0.95,-20827.497967423882,172.50203257617716,984.4679720829954,19.689359441659906
random_2_obstacles,8,20,"[0, 0]","[7, 7]","[[2, 2], [6, 4]]",HUBO->QUBO/neal,0.26,0.0,0.0,16,9,5,0.8,-20495.618239800748,504.38176019925476,5.510803999997734,0.11021607999995467
random_3_obstacles,8,20,"[0, 0]","[7, 7]","[[2, 2], [4, 3], [6, 4]]",A*,True,True,True,14,1,0,0.95,-20790.939363922567,,0.0018636250024428591,0.0018636250024428591
random_3_obstacles,8,20,"[0, 0]","[7, 7]","[[2, 2], [4, 3], [6, 4]]",RRT-best,True,True,True,14,2,0,0.95,-20811.024572553128,,0.018496250006137416,0.0004624062501534354
random_3_obstacles,8,20,"[0, 0]","[7, 7]","[[2, 2], [4, 3], [6, 4]]",QUAV-style QAOA,True,True,True,14,1,0,0.95,-20790.939363922567,,4.942195083000115,4.942195083000115
random_3_obstacles,8,20,"[0, 0]","[7, 7]","[[2, 2], [4, 3], [6, 4]]",CP-SAT exact,True,True,True,14,8,6,0.95,-20827.49796742382,172.50203257617977,0.7256220419949386,0.7256220419949386
random_3_obstacles,8,20,"[0, 0]","[7, 7]","[[2, 2], [4, 3], [6, 4]]",HUBO trajectory-SA,1.0,0.66,0.66,14,7,6,0.95,-20827.497967423864,172.50203257617716,1650.4301172499981,33.008602344999964
random_3_obstacles,8,20,"[0, 0]","[7, 7]","[[2, 2], [4, 3], [6, 4]]",HUBO->QUBO/neal,0.34,0.0,0.0,15,9,4,0.85,-20615.126223515803,384.8737764841945,6.569720667001093,0.13139441334002186
